{
    "_timestamp": 1568765898.941853,
    "_runtime": 55.2236852645874,
    "train_accuracy": 0.8073333333333333,
    "val_accuracy": 0.6639715394566623,
    "_step": 0
}
